{
    "name": "levelTest",
    "record": 0.0,
    "medal": "lightning",
    "ghostSavePositions": [
        {
            "x": -1.4902045726776124,
            "y": 0.4240511953830719,
            "z": -0.33136022090911868
        }
    ],
    "ghostSaveRotations": [
        {
            "x": 0.0,
            "y": 0.0,
            "z": 0.0,
            "w": 1.0
        }
    ]
}